CH1,CH2,CH3,CH4,CH5,CH6,CH7,CH8,AccX,AccY,AccZ,GyX,GyY,GyZ,TimeStamp
204001.0188,211152.6164,209432.4402,209431.3784,210554.8499,209905.0558,199600.9088,203307.0509,61.4800984,17.124772,245.6292328,0.009667944,0.007180157,0.003137199,58:43.6
204163.7941,211109.84,209386.4664,209383.1738,210524.7203,209932.3134,199890.0279,203442.054,61.3610704,18.2253232,246.0632272,0.008867165,0.005766587,0.001772456,58:43.8
204400.7123,211056.3477,209321.8411,209310.4321,210493.1197,209972.5014,200276.986,203621.2602,62.24346464,18.98270752,244.825336,0.014132288,0.004782214,0.00293261,58:44.1
204557.457,211007.8591,209271.9978,209275.819,210462.4858,210021.8526,200553.0276,203767.6204,61.86904528,18.81142928,244.8093435,0.064057941,0.026033625,0.003180656,58:44.3
204707.3607,210952.9643,209212.5782,209228.7655,210448.0181,210082.5775,200830.3726,203928.2701,61.1822232,12.8379328,246.2305989,0.144084104,0.040442279,0.010732394,58:44.5
204748.3806,210845.6361,209089.3307,209178.5895,210635.0245,210210.0468,201140.8263,204150.7049,78.83486912,58.14011168,226.6798531,0.699651041,0.294556863,0.295123268,58:44.7
204824.8478,210756.9652,209145.8485,209186.6859,210895.8528,210770.9276,201729.5987,204860.459,52.99041104,118.0628355,202.4239,0.609260159,0.411863203,0.763722654,58:44.9
205453.0755,210856.1477,209052.8638,208996.1863,210865.2233,211389.3826,202569.4846,205677.8967,87.70862016,122.8343323,215.7134067,0.242046744,0.176609411,0.299114957,58:45.1
206169.34,210671.0127,208670.9235,208615.9064,210552.8269,211515.3135,203160.2048,206058.8373,67.583488,140.3498824,210.536116,0.075519826,0.08541482,0.109208705,58:45.3
206706.7009,210531.3813,208515.8168,208476.4867,210372.0891,211568.9544,203708.3692,206418.5383,59.54354336,134.6325098,201.3322606,0.033443762,0.017740677,0.044332406,58:45.5
207065.3877,210494.4627,208473.809,208448.6843,210326.7278,211594.5993,204238.2779,206764.0683,59.53243408,138.4893832,201.8082506,0.060312346,0.014878868,0.063986653,58:45.7
207286.1753,210540.3391,208434.4558,208395.7116,210410.7686,211602.3573,204711.7931,206910.9609,66.24524704,143.2453758,193.6221762,0.082559847,0.032383218,0.034294834,58:45.9
207464.2504,210483.2992,208393.3128,208356.3309,210377.0644,211518.2998,205074.8682,207052.1472,64.6151128,151.8844891,191.8810712,0.029903244,0.019304638,0.013205044,58:46.1
207694.6799,210406.4236,208333.1137,208303.7331,210294.0871,211481.5652,205425.6342,207264.9198,61.92923072,149.6264974,192.6970539,0.012032196,0.008355447,0.008231424,58:46.3
207860.2413,210377.8462,208341.951,208323.2733,210232.3,211434.6481,205765.0161,207467.6576,62.4994664,150.3055064,190.3306552,0.012231414,0.009384742,0.011582002,58:46.5
208023.621,210345.6201,208308.6757,208276.2564,210201.7368,211444.6873,206065.1434,207636.0505,62.2650728,151.2668864,190.9686453,0.00515526,0.003452628,0.007309063,58:46.7
208168.218,210313.7932,208285.6314,208250.8746,210178.0245,211450.2023,206341.7845,207786.5893,61.3903696,151.3972678,190.0746534,0.008498025,0.005401353,0.004552234,58:46.9
208295.0868,210284.9669,208257.2161,208217.664,210144.3826,211452.873,206591.7698,207908.499,61.74904064,151.3422098,190.7125214,0.009136207,0.002892571,0.00842576,58:47.1
208411.1031,210258.6246,208233.1601,208193.491,210116.0363,211459.3898,206826.4375,208019.2195,61.60376544,151.7277384,190.3721624,0.005177233,0.007775859,0.003896474,58:47.3
208520.7408,210241.6429,208213.558,208177.4789,210099.8247,211469.1816,207047.2588,208133.9641,62.57625472,152.2960208,189.0981355,0.017811478,0.0131694,0.018685499,58:47.5
208748.5484,210121.5813,208088.412,208038.5176,209966.2174,211486.6888,207364.7884,208394.6761,59.7013928,141.0113118,199.1544755,0.383730463,0.073374812,0.067746897,58:47.7
208935.8486,210075.7345,208063.6337,207998.3946,209882.9429,211552.6535,207752.2563,208563.7648,59.294256,105.7225008,216.0626776,0.132387356,0.027407156,0.03805166,58:47.9
209981.7289,210188.0447,208025.8139,207860.1667,210313.439,212438.45,209120.8067,209943.9467,61.1114168,117.3481792,213.347008,0.435513045,0.047651245,0.034722079,58:48.1
211872.1358,210091.6182,207513.886,207304.4666,210579.1633,213991.7455,211736.5716,212025.9702,58.7058304,168.217084,171.9839845,0.296264867,0.050035028,0.06767219,58:48.3
212835.3823,209554.7755,206900.9325,206756.1827,210119.2736,214417.0898,213054.9127,212575.6683,52.83158496,190.937759,162.6315578,0.157607507,0.039558004,0.130466463,58:48.5
213273.7691,209325.912,206677.878,206545.2312,209693.3579,214233.2532,213453.1433,212406.2626,68.17704096,154.161159,185.3499133,0.102358136,0.05836362,0.069481756,58:48.7
213338.3063,209269.8513,206738.169,206665.6194,209555.9107,213929.0316,213667.3774,212380.2621,70.86145808,165.3032786,174.5753766,0.065809402,0.051548696,0.073725885,58:48.9
213476.3528,209282.0949,206798.713,206678.0212,209627.3238,213706.7288,213926.7796,212510.7296,77.38944192,158.836701,173.7187413,0.154278414,0.021504339,0.064524737,58:49.1
213534.6934,209272.4868,206827.6232,206733.2007,209642.9705,213588.3455,214160.0047,212573.7129,79.68625504,163.0460194,175.7798179,0.073384089,0.051239615,0.062719078,58:49.4
213539.3517,209250.0254,206856.7401,206778.0342,209641.5016,213552.3094,214358.9794,212591.7013,76.0912432,158.0104635,180.7700821,0.092538337,0.016903765,0.049643428,58:49.6
213371.7272,209288.7183,207018.7548,206951.2332,209687.095,213340.9496,214509.3524,212593.8497,81.6330648,163.4690266,168.978619,0.258148753,0.014646447,0.050984733,58:49.8
213540.7355,209367.6461,206984.22,206877.5752,209689.9936,212985.0006,214670.7447,212610.7017,79.1176064,156.5109549,178.3814648,0.740005918,0.024790952,0.115638864,58:50.0
213675.888,206274.3684,207657.8106,207751.0578,210289.0547,213046.8066,214749.3584,212422.8356,68.6431424,76.11309552,226.5268869,0.280179459,0.07391485,0.040895891,58:50.2
214372.4175,192669.3947,211408.9421,211198.5302,212467.1078,214917.0642,215567.2102,213798.0277,59.26703216,87.34189184,226.5466638,0.098091546,0.04486219,0.042986218,58:50.4
214421.0346,193141.5358,209892.4719,210470.793,212643.1933,215087.6074,215656.6767,214210.0924,54.43571616,86.1903112,233.4751922,0.151405374,0.049346553,0.063708821,58:50.6
210757.1652,191028.8447,207620.0459,212800.1819,214339.9896,215414.9766,214816.7083,213817.211,52.15098896,76.28303088,233.0499875,0.11573652,0.035785553,0.064054035,58:50.8
204968.5875,190234.0924,210818.2349,214416.987,214907.0481,213114.1105,205355.9012,210241.8741,47.69592352,68.71773328,242.5094784,0.206999958,0.029630295,0.123523121,58:51.0
199379.0209,197350.4936,210732.8164,211892.1499,212995.3576,210901.8204,200399.1929,206583.6489,55.18345616,62.89268608,231.4091102,0.574340327,0.1401847,0.189178715,58:51.2
199381.134,203031.0693,211369.2815,211494.9814,212854.6527,211397.3012,200581.4385,206554.0694,69.39552144,143.0831315,195.5503077,0.35628815,0.152125099,0.099763905,58:51.4
199688.9242,205166.8109,211874.1022,211714.7029,213069.7016,211716.7846,201076.2267,206757.1609,74.64361856,157.6101632,182.6565843,0.071960753,0.095868895,0.042551649,58:51.6
200074.3732,206918.5545,212100.9994,211887.3871,213193.6991,211783.1823,201539.3523,206645.9088,74.95016144,131.3119338,190.7142306,0.408953543,0.078405073,0.118543642,58:51.8
199502.7742,208125.4719,212030.958,211902.4707,213138.4979,211596.0436,201588.9786,206172.3023,67.96584256,136.7884426,204.0634344,0.123295583,0.013178677,0.027731863,58:52.0
199149.708,208975.0337,211852.7328,211693.9126,212972.7632,211495.3403,201606.7882,205690.0284,65.2084216,147.0197232,195.2498688,0.052326526,0.027783132,0.016518512,58:52.2
199041.5473,209620.8177,211638.5569,211476.0782,212797.901,211470.0901,201662.8784,205261.837,59.23761088,146.4614514,194.5676858,0.016412067,0.040044819,0.018781202,58:52.4
198962.3205,210057.5975,211520.9801,211373.0954,212655.3653,211425.3009,201749.4682,204883.4121,57.42045008,145.5291264,198.4372555,0.046941774,0.023191835,0.009841772,58:52.6
198929.413,210373.6615,211424.9659,211291.0265,212586.5503,211439.4672,201867.1086,204516.8422,56.42793968,151.3688232,193.805052,0.129448887,0.022660098,0.032100992,58:52.8
199043.7942,210603.4681,211349.6898,211227.4643,212526.4593,211548.5826,202197.722,204454.0852,58.2065232,157.8059795,190.6169328,0.485890846,0.079685831,0.076424121,58:53.0
201237.9459,212248.5214,212536.0829,204047.6943,214254.2426,213733.1666,204330.6911,206485.9189,61.84963456,93.21882304,219.6507309,0.592444772,0.056495461,0.062576012,58:53.2
206056.5572,218049.5073,207304.7461,185315.7439,221352.5056,219401.235,208901.9339,210980.6507,63.0659176,47.45078688,238.0780965,0.382937985,0.033711828,0.044302133,58:53.4
209668.037,222571.7843,189465.8333,191637.9011,220668.498,223834.4551,213915.0492,215429.3653,53.7591488,13.2444592,246.8952024,0.172211473,0.025043881,0.032961341,58:53.6
209491.0514,220477.3731,190338.0878,202162.4778,217675.6629,219365.5648,215376.5067,217779.6259,52.180044,29.12779968,239.2406643,0.807075082,0.062526695,0.01855757,58:53.8
208966.8646,216965.9627,196869.6002,205880.7374,215400.0315,215959.976,214600.6698,217706.1324,66.5653408,116.4991128,216.6707581,0.410662523,0.036839261,0.024603453,58:54.0
209010.029,215135.3164,201009.2537,206185.3389,213330.9252,214906.8255,213903.1916,217456.8265,63.2813888,112.2849112,215.9164258,0.02134516,0.008811501,0.014195764,58:54.2
209142.833,213948.0638,203482.7473,206386.7133,212201.3904,214219.6907,213426.4576,217293.324,61.55200352,109.1478214,219.0179902,0.011146456,0.009580542,0.014933556,58:54.4
209227.7814,213087.3459,205046.9254,206637.2993,211572.0459,213714.4829,213098.7087,217158.2998,62.23540736,109.885673,216.8564418,0.007173321,0.004741199,0.003347159,58:54.6
209321.0665,212439.5676,206122.8336,206835.2511,211161.7395,213320.5963,212830.4134,217024.4596,62.1436032,110.9664472,217.436688,0.007104474,0.006101059,0.006064438,58:54.8
209406.4853,211999.6346,206681.621,206909.837,210963.1105,213038.8643,212717.3545,216963.3195,60.9295176,109.432512,222.5951784,0.230368063,0.066579419,0.058522799,58:55.0
209503.0594,211608.5843,206509.0396,206941.817,211034.2247,213071.4692,212877.9612,217070.8135,66.8345272,87.4080592,224.297584,0.199320779,0.09946996,0.064599444,58:55.2
209680.88,211061.9873,207341.8195,207092.2614,210856.5922,213058.8378,213104.7675,217147.5313,72.04087296,82.4577152,221.0176606,0.149986921,0.017712357,0.037822169,58:55.4
209844.9866,210880.9666,208079.4105,207272.4235,210778.0774,212930.4045,213268.1662,217165.1798,72.88993936,104.6193859,218.9835637,0.124975266,0.011944305,0.024437437,58:55.7
210127.0389,210745.6473,208288.1893,207185.776,210532.8037,212883.9478,213240.3073,217068.3319,72.63112976,104.7498894,217.4714808,0.030714277,0.008595193,0.017691849,58:55.9
210322.0447,210636.6625,208385.2455,207190.7229,210411.8648,212778.0268,213195.7419,216973.8599,71.93478544,108.0915853,216.0903898,0.006449691,0.008555642,0.004041494,58:56.1
210522.9162,210553.3218,208440.8331,207178.5392,210312.3845,212669.0783,213135.9718,216859.2188,71.6554664,107.7910243,216.2802242,0.004125966,0.002810051,0.005373521,58:56.3
210726.5997,210479.32,208470.9917,207169.3127,210224.6408,212571.4154,213071.4486,216739.0684,70.2808456,107.3345672,216.8653536,0.003701162,0.002312006,0.007521953,58:56.5
210901.6683,210417.4726,208493.0757,207176.3567,210156.411,212479.1882,213013.8943,216623.1558,70.2735208,107.2753584,216.7023768,0.003791494,0.005605454,0.007912577,58:56.7
211078.6961,210367.0711,208508.3151,207177.5404,210094.6526,212398.5375,212958.7392,216508.1452,69.83073664,107.2586334,217.2986155,0.006036117,0.004342274,0.005199205,58:56.9
211233.4469,210320.0487,208514.043,207177.499,210040.0425,212327.8656,212908.0288,216396.9128,68.5698944,107.1376522,216.3139182,0.009286597,0.00652928,0.005791977,58:57.1
211376.3121,210287.2635,208525.0031,207182.9471,210001.4563,212269.5661,212871.7328,216300.9218,66.86053024,108.1664203,218.0010638,0.007363262,0.006314437,0.005509263,58:57.3
211529.4048,210196.1271,208484.2096,207106.8314,209964.4655,212122.7992,212809.3556,216145.2846,66.88909696,117.0815565,215.4965926,0.29377708,0.066381666,0.034529697,58:57.5
212046.5922,209989.7813,208267.6009,206848.3539,209917.2051,211896.1111,212712.9492,215677.6054,60.6884096,42.633388,230.7794216,0.629373389,0.072213194,0.06311019,58:57.7
211983.2305,209970.0876,208424.1725,207098.6411,209911.885,211949.3026,212730.379,215341.1235,50.9842704,10.77246128,252.7826325,0.036791898,0.063965657,0.039136619,58:57.9
211897.3309,209985.5965,208411.4536,207111.9089,209838.3333,211902.9329,212703.3875,215291.22,46.7133016,14.47697888,248.6880693,0.016522419,0.016753863,0.010995089,58:58.1
211875.8752,209992.5888,208410.528,207123.0006,209797.3567,211899.2277,212706.7025,215312.9082,48.423032,13.3885136,248.3803056,0.01626949,0.005705552,0.005075671,58:58.3
211786.2046,210035.3497,208491.134,207282.4797,209810.8398,211943.0363,212751.4859,215446.8601,48.20841536,13.51865088,248.7528938,0.432490104,0.02856145,0.014496545,58:58.5
211519.942,209622.4365,208949.4366,207714.0241,210026.8778,212384.3198,212917.9908,215615.7158,50.09870208,96.14740016,209.8773723,1.101506946,0.141438603,0.096404538,58:58.7
210822.5642,208575.4048,209122.6879,207826.2391,210060.3943,213183.3623,212786.3091,214597.8697,37.19643312,185.239675,174.4604994,0.274083283,0.06416634,0.093792729,58:58.9
210397.5723,209459.4539,208831.6825,207487.1408,209894.0854,212934.4555,212736.5219,214200.8916,30.7971216,188.6056648,169.1638144,0.017646439,0.021298774,0.028735278,58:59.1
210350.3171,209814.7447,208664.1264,207343.8452,209797.1595,212682.251,212738.6712,214116.9475,28.55036128,183.6332243,166.7764179,0.01808052,0.005772446,0.015477011,58:59.3
210360.761,209965.6753,208598.5074,207305.8016,209765.1826,212516.9563,212756.606,214085.533,26.85833248,185.5215578,169.0922755,0.051057975,0.00907859,0.02260004,58:59.5
210384.6862,210009.7767,208552.5299,207271.8377,209729.4498,212374.6738,212773.1709,214070.9614,28.79281216,183.689137,167.5903253,0.032363198,0.017066363,0.031621501,58:59.7
210437.8416,210056.1235,208532.2016,207257.054,209701.1464,212268.4632,212781.4518,214051.2603,31.28348832,182.477615,168.2504118,0.014256799,0.006792951,0.015165,58:59.9
210487.9435,210066.6578,208508.8405,207240.7492,209674.7116,212185.7172,212780.1947,214028.7126,32.8279224,181.043053,168.0063739,0.029538987,0.008719216,0.018744581,59:00.1
210547.5331,210077.5063,208494.0133,207227.1363,209651.9545,212132.3397,212775.463,214018.6923,33.7246,182.9133186,166.5051562,0.038418359,0.006325179,0.019403759,59:00.3
210672.1136,210063.7357,208438.6168,207159.8457,209578.3333,212134.5575,212740.7651,213980.8378,28.8914528,188.1429816,164.041948,0.085002224,0.008376443,0.037314358,59:00.5
210695.7605,210044.8291,208429.8311,207179.6328,209563.1502,212093.0808,212734.8782,213962.6377,27.10505616,188.6110363,160.0451709,0.022652286,0.004066396,0.020220651,59:00.7
210671.2586,210049.1753,208455.5379,207221.0224,209581.1854,212028.7535,212738.1989,213970.8283,25.8333488,192.1008152,158.7064416,0.016245076,0.007194806,0.011362276,59:00.9
210661.221,210062.0788,208462.9749,207237.2146,209586.6534,211968.2187,212729.8889,213964.7501,27.3135688,191.1140426,158.9980907,0.016686969,0.005184069,0.014502893,59:01.1
210689.2843,210054.5123,208447.3168,207217.2117,209576.6794,211900.3829,212692.2192,213941.7102,27.87281728,191.097928,158.1550062,0.053431016,0.040703509,0.038321679,59:01.3
210783.6709,208113.4566,208927.6189,207966.7466,210110.1469,212002.3524,212753.2578,214038.7266,24.65784048,183.5657141,159.7078638,0.302832233,0.05431822,0.065750808,59:01.5
209593.2436,199388.7453,212097.4384,211446.386,213465.7221,213838.5832,211126.6648,212998.273,33.30171488,203.6291958,137.1550488,0.389745584,0.025269467,0.11260811,59:01.7
202117.5572,195128.6778,214219.8535,219978.8298,221468.1676,217998.274,189780.5123,191113.6009,36.1881744,225.356628,103.3706296,0.311669124,0.038561913,0.063810872,59:01.9
187861.4976,192504.8335,193160.8282,215851.4169,221341.0801,216650.7928,166102.1034,167941.9765,38.2067672,234.396652,72.588768,0.255116534,0.070973939,0.109726282,59:02.2
188661.4305,199145.3977,201391.8964,221999.5123,228731.1913,226425.9294,158742.6508,175139.9504,19.74692832,241.4876688,68.8628864,0.18694874,0.083343048,0.309898621,59:02.4
184277.4933,197402.4325,206171.1865,225592.249,223123.7342,225450.7096,167482.474,178843.5574,5.685876,230.4911907,86.96051392,0.19645311,0.048883664,0.034329014,59:02.6
185924.0295,198694.6571,211384.2983,220660.4781,217280.2792,227031.8,176206.3308,180272.2289,8.91025296,244.1963798,97.4186192,0.62886216,0.067635081,0.123174978,59:02.8
192976.826,205774.1943,212840.6835,215383.0875,215282.4961,223275.2748,188183.9418,184272.1583,12.01926432,168.4349968,160.9467317,0.672828844,0.114217481,0.121476252,59:03.0
193911.6581,208328.1852,211719.6158,213467.8703,214447.5412,221533.9171,193512.9966,185236.7747,29.18420064,160.5851307,178.8176566,0.351688553,0.117672062,0.028500415,59:03.2
194465.6301,209258.3178,211085.4483,212450.5296,213495.6733,219787.9669,196326.5193,186215.2272,39.5002048,206.6500654,135.8630762,0.405989195,0.082274203,0.050076044,59:03.4
194589.8206,209118.7399,210019.6402,211076.5134,212205.7537,217573.5958,197945.6159,186322.7382,45.5016576,217.2853088,115.875284,0.06570784,0.035891021,0.022260685,59:03.6
195514.4668,209454.942,209822.4621,210683.3603,211872.5177,216520.3601,199911.0147,187155.8189,48.36785184,217.7298021,111.9261181,0.016699664,0.017613236,0.018172317,59:03.8
196512.7496,209804.9125,209900.2862,210591.9268,211852.7582,215833.1377,201783.0722,188139.6635,49.8409912,215.7025416,112.7648077,0.079916299,0.030796796,0.030766035,59:04.0
196384.2139,209002.7941,208979.8637,209533.0786,210778.6651,214209.7816,202294.2201,187979.7237,49.08116528,211.6715821,120.0539603,0.068029123,0.024873471,0.021687933,59:04.2
195914.5168,208007.1482,207879.1551,208369.9097,209437.4998,212590.6493,202248.143,187468.0968,47.13240224,211.825647,125.0342139,0.011479951,0.006312484,0.010279271,59:04.4
195926.1262,207565.7645,207356.6299,207722.1784,208776.5277,211582.092,202569.7072,187448.1333,47.64892272,210.9041872,124.0298618,0.067112621,0.022137639,0.028279224,59:04.6
195957.0293,207228.339,206832.7745,207061.5518,208478.3403,210474.1311,202857.9803,187474.9673,49.97479088,208.6032234,123.8202504,0.170610891,0.04638367,0.03901699,59:04.8
195322.6196,206045.6188,205722.3288,205959.4565,207277.165,209035.8862,202301.9514,186730.0359,49.7115864,215.458992,124.9629192,0.224584386,0.037329006,0.035165926,59:05.0
178939.3463,194577.3674,194431.893,194744.93,195576.7207,197565.6571,190057.3243,171075.7543,48.743492,182.8494707,166.0189115,0.556984902,0.14187366,0.056050638,59:05.2
193235.996,212088.8994,211971.369,212402.8993,212956.5603,214669.5384,202843.5259,181659.9189,62.21050304,151.0016066,183.6258995,0.26905351,0.068419258,0.037246487,59:05.4
192704.4166,211784.18,211451.7782,212287.968,211591.3857,214460.5717,200374.7543,179238.7587,69.24756048,128.0731514,201.4554394,0.195959459,0.033491125,0.040229389,59:05.6
192689.5563,210124.9795,210124.6291,210757.3475,209348.645,213392.8273,201876.6828,178694.4694,68.1279648,121.2063955,197.4725794,0.693278499,0.105270238,0.182998067,59:05.8
190075.9283,208801.3855,209096.3091,209505.2917,208968.3798,212848.3294,203118.6224,180454.1804,70.7075152,200.061652,138.8984733,0.636959307,0.089726821,0.123336598,59:06.0
186791.2174,205844.9942,205977.7813,206356.4979,206206.0095,209708.1275,201649.0312,178307.2005,67.48594608,202.5598971,129.488669,0.064393878,0.011347139,0.028446216,59:06.2
185597.0273,204560.4383,204663.0036,204975.2422,204951.1934,208012.7849,201260.0597,176966.4546,66.41152,200.1147568,134.495536,0.037292385,0.031657634,0.026513604,59:06.4
185139.4529,204014.1413,204112.5551,204387.7346,204422.4184,207137.0799,201342.1233,176270.1817,68.31254976,199.0524166,132.0241485,0.018587843,0.03507657,0.017018023,59:06.6
185041.1231,203671.0769,203680.843,203940.1662,204062.3594,206541.8091,201408.1865,175783.5724,68.32915264,202.0209139,133.5683384,0.070047672,0.015563437,0.012399871,59:06.8
187877.9536,206076.0474,206021.2441,206285.506,206485.9659,208627.8267,204200.1107,178446.8711,66.30262464,180.759339,155.5349253,0.475316654,0.022605899,0.050810905,59:07.0
192283.4445,209221.1334,208540.0693,208875.3835,209774.1603,211504.7708,207754.3333,182799.6359,61.86489456,158.2662211,182.3303866,0.147414173,0.025595149,0.021858831,59:07.2
193837.9944,209692.3451,208608.8657,209017.7637,210596.8859,212315.867,209047.5991,185366.2924,62.5824808,168.6686579,174.4849154,0.156270596,0.020538522,0.041317277,59:07.4
194779.5934,209137.1184,208103.3624,208530.8194,210485.3477,212416.0469,209281.1876,187070.6834,66.11633056,182.2919314,156.8586387,0.171355518,0.025299252,0.01931831,59:07.6
196091.3469,208928.1262,207891.1889,208293.0672,210316.8772,212398.397,209364.9897,188478.6034,67.63146544,184.8823469,152.2380328,0.071408509,0.022934023,0.024565855,59:07.8
196639.2609,208593.8552,207588.528,207961.6177,209856.523,211934.0416,209099.4438,189066.1901,66.88299296,188.4562389,150.092721,0.035305574,0.006988752,0.006501448,59:08.0
197234.9468,208207.2431,207243.1112,207600.4547,209343.2028,211415.412,208783.4612,189636.5126,66.4493648,188.7283552,148.7902494,0.007161603,0.003401358,0.006527327,59:08.2
197800.1863,207954.31,207018.6409,207360.9157,209034.1809,211059.0195,208586.9772,190173.6256,66.25855376,189.2756398,148.8892563,0.010431126,0.00273388,0.005998032,59:08.4
198352.3215,207745.189,206822.8117,207149.7533,208780.9892,210755.2059,208422.2105,190704.4266,65.55403008,188.422789,150.211871,0.011400361,0.00155859,0.004089345,59:08.7
198886.7229,207570.5945,206659.3002,206976.5162,208573.6775,210505.965,208296.0503,191230.3037,65.4904264,188.8448195,150.8715914,0.008781716,0.00381249,0.002644036,59:08.9
199408.1759,207436.7436,206535.3744,206844.4362,208416.5593,210310.8406,208206.2918,191747.6848,64.37864384,188.0342083,150.6837102,0.007082013,0.004679187,0.004385731,59:09.1
200272.3018,207620.8242,206679.6232,206960.6542,208627.9571,210424.7106,208417.1774,192630.3143,66.7252656,177.5891656,142.6492592,0.506744308,0.048171263,0.043410533,59:09.3
201128.6279,207705.4319,206791.2511,207084.9395,208789.3792,210537.3523,208696.5281,193612.2776,67.2758464,225.048376,105.6980848,1.087616845,0.132929347,0.15794149,59:09.5
201630.1352,207590.5148,206647.9646,206930.302,208542.5986,210373.918,208618.3497,194232.1279,70.96583648,189.6402928,117.8140365,1.412232713,0.11079708,0.231477435,59:09.7
202207.6778,207313.2695,206395.8141,206710.0224,208280.1862,210099.4603,208528.4147,194883.6304,65.431828,180.7506714,145.1753386,1.311793029,0.133385889,0.189766604,59:09.9
203667.2869,207741.7144,206731.8084,207035.4544,208706.2577,210521.7766,208998.3561,196310.1474,59.08757456,155.2653726,186.8458816,0.539566978,0.045097541,0.043695201,59:10.1
206164.7603,208883.9053,207745.3731,208053.7159,209937.5401,211907.2178,210371.1447,198883.2817,57.72223184,116.9738819,212.616115,0.231689837,0.023106874,0.030539473,59:10.3
207783.2037,209203.0777,207951.7698,208299.4125,210397.3504,212420.1192,211031.9984,200668.3951,54.13381232,110.0729437,218.356927,0.036212798,0.018456496,0.051060904,59:10.5
208877.9629,209074.9254,207685.7221,208073.0851,210426.2215,212581.316,211358.1044,202142.1346,53.43905504,112.022195,218.4946333,0.018668409,0.010262181,0.026831474,59:10.7
210059.8065,208832.4367,207219.0599,207673.6706,210405.7496,212814.898,211886.5694,203963.5594,50.0296048,111.6830568,219.8087024,0.016591754,0.007119122,0.012297332,59:10.9
211018.0545,208573.948,206884.3503,207373.035,210300.0194,212878.314,212385.4018,205739.9758,47.95680848,114.0106341,220.5599827,0.027110282,0.009260718,0.016003377,59:11.1
211642.288,208386.4174,206717.6475,207204.2638,210162.9132,212828.4872,212661.003,207221.4861,47.99794944,115.7965424,218.1711213,0.02691204,0.006935529,0.004457508,59:11.3
212108.8369,208248.5046,206585.6954,207077.6929,210054.9746,212754.9018,212734.7136,208497.0924,60.3551312,130.57982,234.9279442,0.126940593,0.043686412,0.07631084,59:11.5
212715.6382,208011.1626,206245.099,206764.8495,209870.9319,213156.7198,212424.6279,209382.8103,101.5245358,92.67056176,267.529164,0.556037151,0.129442051,0.250932951,59:11.7
212879.4295,207962.4176,206442.3504,206857.2846,209725.6011,213350.5381,212120.6191,209898.1268,46.93780672,49.58010624,231.4143597,0.904928347,0.348212976,0.104821021,59:11.9
212348.3195,208235.4419,207163.7551,207336.9016,209271.0954,213144.0473,211705.4916,209749.6454,14.3907904,61.7157128,205.610188,0.647928029,0.305643749,0.236725468,59:12.1
211455.5531,208941.8526,208318.5531,208399.6633,208455.5081,211839.119,211208.1364,208917.1011,11.70442,133.0220304,191.5215456,0.700247231,0.164870183,0.091020275,59:12.3
210366.2353,209600.3092,209252.7206,209265.6515,208238.4242,210455.3117,210599.6486,207630.5538,12.84074064,197.3021557,157.7783894,0.388328596,0.100978257,0.043072155,59:12.5
209499.0845,209959.9669,209707.5665,209675.8726,208665.6503,209476.2013,209960.4988,206440.5455,18.849152,216.8420363,134.9360006,0.374624529,0.032142496,0.068673164,59:12.7
208780.5618,209975.3901,209691.649,209675.7385,208872.1448,209366.3015,209402.2263,205426.6137,23.04394288,231.1151416,108.2425982,0.24409459,0.019004346,0.084256132,59:12.9
207261.7949,209179.8433,208991.7777,208943.9672,208169.5469,208507.8631,208239.7487,203809.4107,29.27319696,237.9733518,101.1404722,0.196980453,0.053990096,0.062870445,59:13.1
205450.0556,208515.9963,208518.229,208376.6166,206944.0028,207036.2488,206901.1511,202257.8732,26.81474992,226.1066875,117.4045802,0.200778295,0.136009417,0.138548962,59:13.3
204630.8863,208521.039,208466.8608,208308.3996,206187.7519,205500.504,206301.6236,201578.6187,24.0912672,219.6915056,133.35714,0.074909476,0.05501939,0.03063957,59:13.5
204406.7064,208043.6951,207833.3999,207780.8764,205971.4646,205531.7872,205841.5305,201187.3957,20.1578496,212.6407752,136.787588,0.057458349,0.047553589,0.015231895,59:13.7
204537.2064,207818.9423,207480.1642,207380.5221,206036.4079,206218.6605,205662.0666,201125.5195,20.08203792,215.0285379,140.3077648,0.089867446,0.017643998,0.039555075,59:13.9
205814.3184,208844.7687,208438.3427,208408.63,207196.0362,207975.2646,206810.1591,202151.8409,22.12345968,202.0046773,162.3799509,0.807712288,0.067932443,0.061761072,59:14.1
207466.6649,210280.3796,209963.1116,209926.1818,209072.3058,209493.8443,208388.0268,203461.7337,21.68653536,96.62632,227.4408998,0.81483141,0.111748737,0.055142925,59:14.3
207572.3798,210422.6567,210023.1222,209972.935,209478.2776,209785.869,208556.8333,203276.1022,15.5548232,38.93143408,247.8184934,0.363199266,0.059539398,0.022207951,59:14.5
207590.1849,210351.4602,209881.8203,209836.0289,209587.8727,209966.3544,208607.3982,203041.5605,8.79330032,8.52814256,253.0663464,0.167497618,0.039275778,0.040771868,59:14.7
207541.0744,210195.7575,209690.4685,209655.5285,209530.3143,210077.6254,208592.5352,202782.3409,7.4249056,20.57048,253.7255784,0.084355253,0.023254335,0.011738251,59:14.9
207503.1019,210082.0417,209563.8664,209532.1976,209487.2732,210140.7228,208566.0768,202557.4693,4.7507432,23.0407688,252.4266472,0.060224455,0.013432583,0.013019986,59:15.1
207471.2026,209978.674,209447.8917,209426.4484,209441.2092,210187.7779,208525.7982,202383.5215,4.98928752,33.0659784,252.1682038,0.080494911,0.016631793,0.013119595,59:15.4
207463.5386,209898.2831,209356.3174,209334.2141,209405.4918,210223.3977,208494.5115,202274.782,2.79184752,40.32827344,250.4759309,0.071629211,0.016063435,0.008105936,59:15.6
207467.771,209835.5585,209287.7083,209262.8585,209376.098,210245.1205,208466.4145,202197.5734,2.37665344,46.20691376,248.8926754,0.047918823,0.01020554,0.004734363,59:15.8
207522.9294,209791.9331,209226.6525,209195.3716,209367.7987,210252.0401,208468.7999,202174.3918,3.73430512,57.79254992,245.0520386,0.447598952,0.031880778,0.02206635,59:16.0
208281.074,210338.1245,209718.8349,209661.1436,210200.4281,210520.2428,209150.3311,202937.2858,5.72201168,78.62452528,215.3752451,1.492636804,0.039573141,0.047554566,59:16.2
209333.1194,211125.3957,210330.4292,210357.9393,211320.5665,211138.4584,210386.7801,204217.9702,7.24996496,190.0122706,159.9221142,1.089026997,0.028997973,0.07623125,59:16.4
207925.6244,209142.6781,208334.4964,208388.4427,209547.4919,209952.387,208801.7736,203043.5864,8.6237312,243.830384,98.506352,0.345113863,0.011049776,0.035891021,59:16.6
206459.1055,207571.8565,206852.1931,206868.9417,207872.6687,208671.0633,207175.8369,201678.2007,8.39458704,246.6667907,73.6893192,0.058445651,0.013113248,0.027209403,59:16.8
206058.2123,207103.68,206406.5078,206410.8084,207357.43,208356.9042,206676.2133,201336.0593,10.69371968,235.5418845,71.18643504,0.039569235,0.016954546,0.019115674,59:17.0
205964.3988,206937.1003,206246.9277,206246.8995,207181.4575,208291.6855,206508.5598,201298.2984,13.81652608,236.5972661,66.689252,0.06140414,0.009955541,0.015449179,59:17.2
205988.5308,206872.0811,206183.1204,206179.5553,207127.5176,208317.6059,206467.7052,201376.373,13.09417872,242.4448981,70.4395496,0.065953933,0.015875448,0.013761684,59:17.4
206495.8415,207257.9865,206604.8648,206606.2601,207483.9052,208613.9153,206869.761,201874.9778,12.73733888,246.4386232,91.18692352,0.908973259,0.021707464,0.088755632,59:17.6
207504.5514,207990.8064,207317.0832,207341.0986,208219.0368,208986.9738,207588.3313,202675.7882,3.5726712,155.609272,168.4380488,0.619781128,0.016735797,0.049809443,59:17.8
207767.3965,208224.1972,207520.7996,207530.5857,208479.8417,209388.7316,207909.0517,203026.0246,3.1612616,143.2724776,204.9253192,0.089335709,0.018876905,0.030385664,59:18.0
207903.8257,208329.7385,207608.6539,207619.0109,208623.1836,209646.6965,208096.887,203275.0034,6.8950784,139.8027198,207.2183478,0.030525312,0.013801234,0.013527309,59:18.2
207986.9819,208403.1247,207664.5048,207673.4025,208729.9532,209827.0774,208248.3311,203492.8054,6.3518224,139.9410365,205.5779589,0.021454535,0.008624978,0.024427672,59:18.4
208098.2266,208400.4395,207586.865,207642.3515,208787.313,210053.8847,208447.5813,203791.1696,8.05862288,141.2654824,207.8205685,0.031838786,0.005150866,0.029225023,59:18.6
208331.9986,208271.2084,207408.7342,207494.6782,208709.4522,210232.7056,208611.2937,204189.477,8.73164992,138.3294584,210.8106739,0.034857821,0.002550286,0.012251433,59:18.8
208595.9308,208184.3424,207306.445,207388.8938,208707.7761,210347.5796,208731.4086,204599.8624,8.65925648,135.7342818,210.6988486,0.016333943,0.004685047,0.008017558,59:19.0
208807.1765,208103.6853,207211.7299,207294.4907,208718.6107,210395.3646,208801.8652,204954.9501,8.40069104,134.8897323,210.3070939,0.01185788,0.003837881,0.00747752,59:19.2
209017.8183,208040.1985,207133.7861,207219.7661,208727.978,210443.2184,208872.3222,205299.1841,8.1073328,138.3062632,214.0312664,0.019103955,0.010961886,0.009186988,59:19.4
209204.8064,208002.904,207092.8515,207176.6159,208726.6069,210483.5482,208943.2792,205627.3321,8.35369024,135.4237102,212.3601133,0.046484256,0.019462841,0.014878868,59:19.6
209363.0669,207971.0742,207058.049,207142.4228,208725.0384,210512.7746,208999.8853,205918.19,9.61697408,130.7198458,216.9187026,0.108619839,0.015644003,0.011399385,59:19.8
209473.5926,207919.7688,207016.3385,207096.457,208704.8386,210476.3486,209016.1668,206140.7684,9.56447968,113.1655963,223.2856629,0.299203824,0.007866679,0.02918889,59:20.0
209542.2759,207924.4689,207033.552,207101.0798,208683.121,210390.8221,209037.429,206346.461,11.48601888,84.10176656,235.4393373,0.220815841,0.011825165,0.018539992,59:20.2
209598.2258,208012.3303,207146.1154,207199.343,208716.6746,210279.3272,209085.5322,206570.3197,11.21634416,58.22996256,245.7917213,0.421972553,0.027674246,0.027246512,59:20.4
209485.6801,208034.8294,207204.7589,207239.0335,208676.3332,210182.3656,209029.6209,206625.7795,10.0087288,18.51038,248.1935232,0.368719759,0.014052698,0.016086385,59:20.6
209233.1952,207901.1341,207109.4877,207120.5361,208584.1719,210069.8856,208797.7249,206501.6625,7.9126152,23.2885912,254.5587744,0.130827302,0.0651512,0.084704373,59:20.8
207977.2369,208490.8203,208266.8404,208072.3325,208423.8638,209573.0768,206488.3566,205366.3396,4.18160624,35.36315776,252.2941904,0.192025876,0.083513946,0.054706891,59:21.0
204693.6637,210858.7908,211594.5459,211049.8138,208917.8879,197139.6726,198337.6661,200862.9743,7.79993536,66.69547808,241.2374048,0.268128708,0.117896671,0.071294739,59:21.2
203676.3506,213863.2128,214120.8036,213717.6345,211782.8328,189615.0477,193860.4864,197911.8387,6.57181056,94.98239072,228.0029562,0.510673009,0.108868374,0.129228185,59:21.4
204757.8728,212415.1041,211959.7115,211775.8278,211719.4034,193277.1171,194907.4422,198488.5762,5.36736928,144.9753715,212.7515018,0.377271495,0.0400248,0.080944617,59:21.6
205842.6307,212283.2144,211852.4383,211681.5296,211839.3634,196887.2152,196394.911,199513.652,3.0330776,178.1517102,181.9535256,0.192679683,0.02589007,0.059316254,59:21.9
206474.8344,208060.5272,213028.9998,212758.3101,212285.6647,199402.4332,197538.2084,199769.55,5.44550048,180.9593061,173.3454206,0.414414466,0.031013592,0.055406108,59:22.0
202506.8742,202824.8373,221268.0367,221893.413,215113.1463,204006.6297,187728.6224,193277.553,3.5287224,222.2566506,131.5542626,0.456589651,0.032315347,0.098742911,59:22.3
198303.2643,200318.4209,220980.9084,222034.5782,212643.8989,198319.2311,182500.2785,184465.0447,9.0497904,249.0029136,119.7958832,0.951188971,0.042006728,0.120922542,59:22.5
199363.6151,204780.3215,215410.6791,214844.845,211180.5209,199018.5321,184180.4505,185846.8353,5.4173,133.8525406,195.3308078,0.857508059,0.023955505,0.128986974,59:22.7
198957.5659,206769.5128,212675.3201,212327.4561,211498.2339,200854.6896,185464.9139,187547.3255,4.07478624,90.08881392,235.6366186,0.375689956,0.019152783,0.026749932,59:22.9
198797.4681,207926.6116,211373.7404,211151.5062,211423.5402,202412.4945,187142.0138,189186.4164,7.37900352,63.0012152,219.064869,1.073545103,0.11459541,0.15802401,59:23.1
199889.962,209600.3393,211311.2965,211131.791,212421.8449,205054.0395,190098.7947,191931.8672,9.41334464,119.467488,158.4573984,1.243742421,0.302487507,0.299110074,59:23.3
200879.3662,210748.1376,211562.8931,211447.65,213055.6634,207198.2585,192951.8905,194134.0618,53.5619896,210.4742214,165.1236989,0.197398909,0.108293668,0.206393515,59:23.5
201326.1131,211183.099,211206.1756,211061.6863,213014.2902,208062.2071,194910.9612,195423.7599,110.9106566,177.5010238,192.7439326,0.195376941,0.169462945,0.201208469,59:23.7
201426.6597,211379.9728,210681.2562,210552.188,212619.1898,208214.513,196360.9942,196186.0324,79.75144576,145.9159979,183.4469302,0.154489351,0.220814376,0.18276711,59:23.9
201439.3202,211193.4026,210370.8385,210264.4777,212270.0737,208341.9675,197513.4491,196894.9394,65.58003312,168.7483762,201.7850554,0.032923744,0.094542238,0.138019178,59:24.1
201802.9498,210778.3902,209217.4148,209066.3441,211407.8943,208310.5165,198124.6064,197095.8626,44.33628192,164.0180203,190.1703642,0.542687087,0.04715027,0.15564218,59:24.3
202363.7616,210560.5014,208927.1651,208825.6106,210950.0604,208434.8215,198900.6876,197729.0114,47.7595272,90.37228368,214.5985722,1.580572614,0.08849782,0.265426567,59:24.5
203548.319,211154.0805,209398.1424,209305.6897,211592.8949,209609.553,200576.5732,199407.5123,60.07959664,168.6632864,179.5428118,1.294050886,0.121892754,0.236052618,59:24.7
203989.5467,211074.1337,209349.3968,209277.9775,211521.6457,209951.4478,201542.4114,200281.986,61.2316656,143.0832536,183.1254936,1.296476173,0.140309699,0.218727467,59:24.9
204306.3872,210658.6912,208956.7738,208914.0248,211112.1668,209993.2956,202267.8846,200797.1793,58.4500728,164.8836896,183.1315976,1.554158619,0.163986397,0.273995881,59:25.1
205134.5921,211167.9848,209290.656,209239.4321,211608.465,210812.2033,203470.8297,202084.9437,57.49760464,203.605024,158.1016573,1.229915308,0.238410522,0.308668155,59:25.3
204832.0156,210133.5491,209003.0065,209020.1106,210797.9532,210064.4396,203910.7915,202247.3179,69.16613312,177.0264989,183.1847024,1.347270477,0.247995459,0.227637113,59:25.5
205596.8213,211020.6521,209402.5356,209348.6543,211745.9131,211027.5628,205256.7256,203859.8665,64.00056208,199.6210653,149.1407411,0.921797445,0.360605522,0.167261291,59:25.7
206492.9486,210124.5448,208010.3098,207862.6394,210400.6989,210550.1849,205374.5573,203782.2048,77.96907776,172.6782534,170.6735778,1.654955236,0.205654259,0.235011117,59:25.9
208031.7028,211310.2695,207838.4075,207621.4817,210915.1241,211911.1998,206292.7298,204953.0261,81.06026544,184.9510779,148.1295525,0.660071064,0.567707531,0.543099196,59:26.1
209583.9701,211121.118,206348.7339,206391.936,210138.5862,212365.1548,206610.3648,205312.7173,48.24943424,152.9959054,190.0225253,0.280963636,1.21004866,1.067215041,59:26.3
209835.4951,210199.3767,207429.9979,207955.6449,210473.3302,212339.097,207365.8474,206061.6998,19.0609608,108.5675752,221.4274832,0.299845424,0.688081735,0.507171553,59:26.5
210040.8863,210610.7854,207557.6742,207717.2176,210613.4883,212214.6972,208197.9074,206465.1913,21.08822128,161.9892949,199.8232298,0.203621061,0.097558832,0.230978413,59:26.7
209932.502,210448.5257,207874.901,207956.5006,210599.8215,212165.1096,208571.9827,206416.0441,21.30210544,156.2389606,196.8278749,0.122581229,0.101824446,0.222054607,59:26.9
210426.0139,210859.0726,208053.7459,208014.3235,210938.2599,212531.0152,209418.0562,207125.8078,15.876504,165.8163808,194.7798608,0.090212171,0.025013608,0.21820452,59:27.1
211376.6402,211105.4107,207706.0741,207617.2186,210986.983,213261.1573,210581.1484,208527.9616,19.5334104,145.8943898,196.2951178,0.166873596,0.04791394,0.41520841,59:27.3
212241.6773,211622.0056,208949.4109,208925.3294,211500.9659,214366.3063,210328.8328,209292.5658,35.3293416,163.5310432,189.2166752,0.17550248,0.026935966,0.158368735,59:27.5
212241.6773,211622.0056,208949.4109,208925.3294,211500.9659,214366.3063,210328.8328,209292.5658,35.3293416,163.5310432,189.2166752,0.17550248,0.026935966,0.158368735,59:27.5
212241.6773,211622.0056,208949.4109,208925.3294,211500.9659,214366.3063,210328.8328,209292.5658,35.3293416,163.5310432,189.2166752,0.17550248,0.026935966,0.158368735,59:27.5
212241.6773,211622.0056,208949.4109,208925.3294,211500.9659,214366.3063,210328.8328,209292.5658,35.3293416,163.5310432,189.2166752,0.17550248,0.026935966,0.158368735,59:27.5
212241.6773,211622.0056,208949.4109,208925.3294,211500.9659,214366.3063,210328.8328,209292.5658,35.3293416,163.5310432,189.2166752,0.17550248,0.026935966,0.158368735,59:27.5
212241.6773,211622.0056,208949.4109,208925.3294,211500.9659,214366.3063,210328.8328,209292.5658,35.3293416,163.5310432,189.2166752,0.17550248,0.026935966,0.158368735,59:27.5
212241.6773,211622.0056,208949.4109,208925.3294,211500.9659,214366.3063,210328.8328,209292.5658,35.3293416,163.5310432,189.2166752,0.17550248,0.026935966,0.158368735,59:27.5
212241.6773,211622.0056,208949.4109,208925.3294,211500.9659,214366.3063,210328.8328,209292.5658,35.3293416,163.5310432,189.2166752,0.17550248,0.026935966,0.158368735,59:27.5
212241.6773,211622.0056,208949.4109,208925.3294,211500.9659,214366.3063,210328.8328,209292.5658,35.3293416,163.5310432,189.2166752,0.17550248,0.026935966,0.158368735,59:27.5
